  const (ok, emsg) = writeCSV(csvPath, rows);
  if !ok then return (false, emsg);

  // 2) Optional Parquet
  var dataPath = csvPath;
  if cfg.outFmt == "parquet" {
    const pqPath = "out.parquet";
    const (ok2, msg2) = csvToParquet(csvPath, pqPath);
    if !ok2 then return (false, msg2);
    dataPath = pqPath;
  }

  // 3) Manifest
  const bytes = try! getFileSize(dataPath);
  const sha   = manifest.sha256(dataPath);
  const man = new Manifest(cfg.dataset, "v1", rows.domain.size, bytes, sha,
                           (timeSinceEpoch().totalSeconds():int(64)), CHPL_VERSION);

  // 4) Ship (choose one or many)
  // 4a) HTTP POST
  if cfg.postURL != "" {
    const (okp, msgp) = postJSON(cfg.postURL, dataPath);
    if !okp then return (false, "http: " + msgp);
  }

  // 4b) DB upsert
  if cfg.pgURI != "" {
    // simple: copy CSV into staging table; run upsert SQL
    const (okc, msgc) = psqlCopyCSV(cfg.pgURI, "stage.metrics", csvPath);
    if !okc then return (false, "psql copy: " + msgc);

    const sql = "INSERT INTO public.metrics(endpoint, ts, p50, p95, errors, count) " +
                "SELECT endpoint, ts, p50_ms, p95_ms, errors, count FROM stage.metrics " +
                "ON CONFLICT (endpoint, ts) DO UPDATE SET " +
                "p50=EXCLUDED.p50, p95=EXCLUDED.p95, errors=EXCLUDED.errors, count=EXCLUDED.count;";
    const (oke, msge) = psqlExec(cfg.pgURI, sql);
    if !oke then return (false, "psql upsert: " + msge);
  }
