chapter,relative_path,filename_hint,lines
1,chapter-01/snippet-01.chpl,,1
1,chapter-01/snippet-01.txt,,1
1,chapter-01/manifest.sh,manifest.sh,3
1,chapter-01/version.sh,tools/version.sh,2
1,chapter-01/snippet-01.sh,,3
1,chapter-01/snippet-02.txt,,1
1,chapter-01/build.sh,tools/build.sh,3
1,chapter-01/version_2.sh,tools/version.sh,1
1,chapter-01/snippet-03.txt,,4
1,chapter-01/snippet-04.txt,,1
1,chapter-01/snippet-02.sh,,2
1,chapter-01/snippet-03.sh,,9
1,chapter-01/snippet-02.chpl,,6
1,chapter-01/snippet-03.chpl,,1
1,chapter-01/Mason.toml,Mason.toml,2
1,chapter-01/test_metrics.chpl,test/test_metrics.chpl,1
1,chapter-01/test_io.chpl,test/test_io.chpl,2
1,chapter-01/app.chpl,src/app.chpl,1
1,chapter-01/Mason_2.toml,Mason.toml,1
1,chapter-01/snippet-01.toml,,3
1,chapter-01/snippet-02.toml,,1
1,chapter-01/build_2.sh,tools/build.sh,2
1,chapter-01/snippet-05.txt,,3
1,chapter-01/snippet-04.chpl,,3
1,chapter-01/snippet-04.sh,,1
1,chapter-01/snippet-06.txt,,1
1,chapter-01/run_ana.slurm,scripts/run_ana.slurm,1
1,chapter-01/snippet-07.txt,,1
1,chapter-01/snippet-05.sh,,2
1,chapter-01/snippet-08.txt,,8
1,chapter-01/Dockerfile,Dockerfile,2
1,chapter-01/snippet-06.sh,,3
1,chapter-01/snippet-09.txt,,2
1,chapter-01/snippet-07.sh,,1
1,chapter-01/snippet-10.txt,,4
1,chapter-01/Mason_2_3.toml,Mason.toml,6
1,chapter-01/build_2_3.sh,tools/build.sh,1
1,chapter-01/snippet-11.txt,,1
1,chapter-01/snippet-05.chpl,,11
1,chapter-01/snippet-12.txt,,2
1,chapter-01/snippet-13.txt,,4
1,chapter-01/manifest_2.sh,tools/manifest.sh,3
1,chapter-01/version_2_3.sh,tools/version.sh,4
1,chapter-01/version_2_3_4.sh,tools/version.sh,3
1,chapter-01/README.md,README.md,1
1,chapter-01/manifest_2_3.sh,tools/manifest.sh,2
1,chapter-01/snippet-08.sh,,19
1,chapter-01/build_2_3_4.sh,tools/build.sh,12
1,chapter-01/run_ana_2.slurm,scripts/run_ana.slurm,1
1,chapter-01/snippet-09.sh,,1
1,chapter-01/io.chpl,libs/io/src/io.chpl,10
1,chapter-01/metrics.chpl,libs/metrics/src/metrics.chpl,4
1,chapter-01/app_2.chpl,apps/ana/src/app.chpl,17
1,chapter-01/test_metrics_2.chpl,libs/metrics/test/test_metrics.chpl,5
1,chapter-01/snippet-10.sh,,1
1,chapter-01/snippet-11.sh,,1
1,chapter-01/snippet-14.txt,,2
1,chapter-01/snippet-06.chpl,,1
1,chapter-01/snippet-15.txt,,1
2,chapter-02/snippet-01.txt,,1
2,chapter-02/snippet-01.chpl,,6
2,chapter-02/snippet-02.chpl,,15
2,chapter-02/snippet-03.chpl,,8
2,chapter-02/snippet-04.chpl,,7
2,chapter-02/snippet-02.txt,,1
2,chapter-02/snippet-03.txt,,1
2,chapter-02/snippet-05.chpl,,16
2,chapter-02/snippet-04.txt,,1
2,chapter-02/snippet-06.chpl,,2
2,chapter-02/snippet-07.chpl,,2
2,chapter-02/snippet-08.chpl,,4
2,chapter-02/snippet-09.chpl,,9
2,chapter-02/snippet-10.chpl,,10
2,chapter-02/snippet-11.chpl,,1
2,chapter-02/snippet-12.chpl,,3
2,chapter-02/snippet-13.chpl,,50
2,chapter-02/snippet-14.chpl,,9
2,chapter-02/snippet-05.txt,,2
2,chapter-02/snippet-06.txt,,1
2,chapter-02/snippet-15.chpl,,9
2,chapter-02/snippet-16.chpl,,8
2,chapter-02/snippet-17.chpl,,9
2,chapter-02/snippet-07.txt,,2
2,chapter-02/snippet-18.chpl,,8
2,chapter-02/Mason.toml,Mason.toml,2
2,chapter-02/reduce_topk.chpl,reduce_topk.chpl,1
2,chapter-02/chunks.chpl,chunks.chpl,1
2,chapter-02/roll.chpl,roll.chpl,1
2,chapter-02/app.chpl,app.chpl,1
2,chapter-02/domains.chpl,src/core/domains.chpl,3
2,chapter-02/reduce_mean.chpl,src/core/reduce_mean.chpl,14
2,chapter-02/windows.chpl,src/iters/windows.chpl,25
2,chapter-02/bucketer.chpl,src/policy/bucketer.chpl,14
2,chapter-02/roll_2.chpl,src/policy/roll.chpl,4
2,chapter-02/hist.chpl,src/kernels/hist.chpl,12
2,chapter-02/scan.chpl,src/kernels/scan.chpl,17
2,chapter-02/stats.chpl,src/kernels/stats.chpl,5
2,chapter-02/groupby.chpl,src/kernels/groupby.chpl,29
2,chapter-02/app_2.chpl,src/app.chpl,21
2,chapter-02/snippet-19.chpl,,12
2,chapter-02/snippet-08.txt,,1
2,chapter-02/snippet-09.txt,,2
2,chapter-02/snippet-10.txt,,1
2,chapter-02/snippet-11.txt,,1
3,chapter-03/snippet-01.txt,,1
3,chapter-03/snippet-02.txt,,2
3,chapter-03/snippet-03.txt,,2
3,chapter-03/snippet-01.chpl,,7
3,chapter-03/snippet-02.chpl,,7
3,chapter-03/snippet-04.txt,,3
3,chapter-03/snippet-03.chpl,,9
3,chapter-03/snippet-05.txt,,1
3,chapter-03/snippet-06.txt,,1
3,chapter-03/snippet-04.chpl,,16
3,chapter-03/snippet-05.chpl,,8
3,chapter-03/snippet-06.chpl,,19
3,chapter-03/snippet-07.chpl,,4
3,chapter-03/stddef.h,stddef.h,1
3,chapter-03/scale.h,scale.h,3
3,chapter-03/scale.c,c/scale.c,9
3,chapter-03/snippet-08.chpl,,7
3,chapter-03/snippet-09.chpl,,5
3,chapter-03/snippet-07.txt,,2
3,chapter-03/snippet-10.chpl,,14
3,chapter-03/snippet-08.txt,,1
3,chapter-03/snippet-11.chpl,,14
3,chapter-03/other.H,other.H,69
3,chapter-03/snippet-12.chpl,,29
3,chapter-03/snippet-13.chpl,,34
3,chapter-03/snippet-14.chpl,,5
3,chapter-03/snippet-09.txt,,1
3,chapter-03/snippet-15.chpl,,16
3,chapter-03/snippet-10.txt,,1
3,chapter-03/snippet-11.txt,,2
3,chapter-03/snippet-01.sh,,2
3,chapter-03/snippet-12.txt,,1
3,chapter-03/snippet-13.txt,,1
3,chapter-03/snippet-14.txt,,1
3,chapter-03/snippet-15.txt,,2
3,chapter-03/snippet-16.txt,,3
3,chapter-03/snippet-17.txt,,1
3,chapter-03/snippet-18.txt,,1
3,chapter-03/snippet-19.txt,,1
4,chapter-04/snippet-01.txt,,4
4,chapter-04/snippet-02.txt,,1
4,chapter-04/snippet-03.txt,,4
4,chapter-04/snippet-04.txt,,2
4,chapter-04/snippet-05.txt,,6
4,chapter-04/snippet-06.txt,,1
4,chapter-04/snippet-01.chpl,,23
4,chapter-04/snippet-02.chpl,,5
4,chapter-04/snippet-03.chpl,,6
4,chapter-04/snippet-04.chpl,,3
4,chapter-04/snippet-05.chpl,,9
4,chapter-04/snippet-06.chpl,,50
4,chapter-04/snippet-07.txt,,1
4,chapter-04/snippet-07.chpl,,19
4,chapter-04/snippet-08.txt,,1
4,chapter-04/snippet-08.chpl,,27
4,chapter-04/snippet-09.txt,,2
4,chapter-04/snippet-10.txt,,1
4,chapter-04/Mason.toml,Mason.toml,1
4,chapter-04/app.chpl,app.chpl,1
4,chapter-04/snippet-09.chpl,,11
4,chapter-04/snippet-10.chpl,,27
4,chapter-04/snippet-11.chpl,,17
4,chapter-04/snippet-11.txt,,1
4,chapter-04/snippet-12.chpl,,1
4,chapter-04/snippet-13.chpl,,28
4,chapter-04/snippet-14.chpl,,6
4,chapter-04/a.H,a.H,3
4,chapter-04/app_2.chpl,app.chpl,1
4,chapter-04/snippet-12.txt,,2
4,chapter-04/snippet-13.txt,,4
4,chapter-04/snippet-14.txt,,2
4,chapter-04/snippet-15.txt,,2
4,chapter-04/snippet-16.txt,,1
4,chapter-04/snippet-17.txt,,1
4,chapter-04/snippet-18.txt,,1
4,chapter-04/snippet-19.txt,,2
4,chapter-04/snippet-20.txt,,1
5,chapter-05/snippet-01.chpl,,2
5,chapter-05/snippet-02.chpl,,5
5,chapter-05/snippet-03.chpl,,5
5,chapter-05/snippet-04.chpl,,6
5,chapter-05/snippet-01.txt,,5
5,chapter-05/snippet-05.chpl,,12
5,chapter-05/snippet-06.chpl,,1
5,chapter-05/snippet-07.chpl,,16
5,chapter-05/snippet-02.txt,,3
5,chapter-05/snippet-03.txt,,2
5,chapter-05/snippet-04.txt,,2
5,chapter-05/snippet-08.chpl,,32
5,chapter-05/snippet-05.txt,,2
5,chapter-05/snippet-09.chpl,,30
5,chapter-05/snippet-06.txt,,3
5,chapter-05/snippet-10.chpl,,9
5,chapter-05/snippet-07.txt,,1
5,chapter-05/snippet-11.chpl,,10
5,chapter-05/Mason.toml,Mason.toml,15
5,chapter-05/api.chpl,libs/api/src/api.chpl,6
5,chapter-05/snippet-12.chpl,,1
5,chapter-05/app.chpl,apps/ana/src/app.chpl,10
5,chapter-05/app_2.chpl,apps/tail/src/app.chpl,3
5,chapter-05/app_2_3.chpl,apps/bench/src/app.chpl,3
5,chapter-05/synth.csv,examples/synth.csv,2
5,chapter-05/snippet-08.txt,,2
5,chapter-05/snippet-09.txt,,1
5,chapter-05/snippet-10.txt,,1
5,chapter-05/snippet-13.chpl,,1
5,chapter-05/snippet-11.txt,,2
5,chapter-05/snippet-12.txt,,1
5,chapter-05/snippet-13.txt,,1
5,chapter-05/MIGRATING.md,MIGRATING.md,1
5,chapter-05/snippet-14.txt,,1
5,chapter-05/snippet-15.txt,,1
5,chapter-05/snippet-14.chpl,,2
6,chapter-06/snippet-01.txt,,1
6,chapter-06/snippet-02.txt,,5
6,chapter-06/snippet-03.txt,,2
6,chapter-06/snippet-04.txt,,5
6,chapter-06/snippet-05.txt,,5
6,chapter-06/snippet-06.txt,,4
6,chapter-06/snippet-07.txt,,4
6,chapter-06/snippet-08.txt,,3
6,chapter-06/snippet-01.chpl,,19
6,chapter-06/snippet-09.txt,,1
6,chapter-06/snippet-10.txt,,1
6,chapter-06/snippet-11.txt,,5
6,chapter-06/snippet-12.txt,,4
6,chapter-06/snippet-13.txt,,2
6,chapter-06/snippet-02.chpl,,8
6,chapter-06/snippet-14.txt,,2
6,chapter-06/snippet-15.txt,,1
6,chapter-06/snippet-16.txt,,5
6,chapter-06/snippet-03.chpl,,6
6,chapter-06/snippet-17.txt,,4
6,chapter-06/snippet-04.chpl,,24
6,chapter-06/snippet-05.chpl,,3
6,chapter-06/snippet-06.chpl,,8
6,chapter-06/snippet-07.chpl,,30
6,chapter-06/snippet-08.chpl,,31
6,chapter-06/snippet-09.chpl,,31
6,chapter-06/snippet-10.chpl,,39
6,chapter-06/snippet-18.txt,,1
6,chapter-06/snippet-11.chpl,,21
6,chapter-06/snippet-19.txt,,3
6,chapter-06/snippet-20.txt,,1
6,chapter-06/snippet-21.txt,,2
6,chapter-06/snippet-22.txt,,1
6,chapter-06/snippet-23.txt,,1
6,chapter-06/snippet-24.txt,,3
6,chapter-06/snippet-12.chpl,,1
6,chapter-06/snippet-25.txt,,1
6,chapter-06/snippet-26.txt,,4
7,chapter-07/snippet-01.txt,,2
7,chapter-07/snippet-01.chpl,,14
7,chapter-07/snippet-02.chpl,,17
7,chapter-07/pyarrow.csv,pyarrow.csv,6
7,chapter-07/pyarrow_2.csv,pyarrow.csv,8
7,chapter-07/snippet-03.chpl,,15
7,chapter-07/snippet-02.txt,,3
7,chapter-07/snippet-04.chpl,,16
7,chapter-07/snippet-03.txt,,1
7,chapter-07/snippet-04.txt,,1
7,chapter-07/snippet-05.txt,,1
7,chapter-07/snippet-06.txt,,1
7,chapter-07/app.chpl,app.chpl,1
7,chapter-07/snippet-05.chpl,,17
7,chapter-07/hash.txt,tmp/hash.txt,6
7,chapter-07/snippet-06.chpl,,11
7,chapter-07/out.csv,out.csv,39
7,chapter-07/MANIFEST.json,MANIFEST.json,2
7,chapter-07/snippet-07.txt,,2
7,chapter-07/snippet-08.txt,,2
7,chapter-07/snippet-09.txt,,2
7,chapter-07/snippet-10.txt,,1
7,chapter-07/snippet-11.txt,,1
7,chapter-07/snippet-12.txt,,1
7,chapter-07/snippet-13.txt,,3
7,chapter-07/snippet-14.txt,,1
7,chapter-07/snippet-15.txt,,1
7,chapter-07/snippet-16.txt,,1
8,chapter-08/snippet-01.txt,,1
8,chapter-08/snippet-02.txt,,1
8,chapter-08/snippet-03.txt,,1
8,chapter-08/snippet-01.chpl,,27
8,chapter-08/snippet-02.chpl,,8
8,chapter-08/snippet-03.chpl,,9
8,chapter-08/snippet-04.chpl,,20
8,chapter-08/snippet-05.chpl,,8
8,chapter-08/snippet-06.chpl,,12
8,chapter-08/snippet-07.chpl,,9
8,chapter-08/snippet-04.txt,,3
8,chapter-08/snippet-05.txt,,1
8,chapter-08/snippet-08.chpl,,3
8,chapter-08/snippet-06.txt,,2
8,chapter-08/snippet-09.chpl,,7
8,chapter-08/snippet-07.txt,,4
8,chapter-08/snippet-08.txt,,2
8,chapter-08/snippet-10.chpl,,11
8,chapter-08/snippet-11.chpl,,30
8,chapter-08/snippet-09.txt,,1
8,chapter-08/snippet-12.chpl,,11
8,chapter-08/out.csv,out.csv,8
8,chapter-08/out_2.csv,out.csv,6
8,chapter-08/out_2_3.csv,out.csv,11
8,chapter-08/snippet-10.txt,,2
8,chapter-08/snippet-11.txt,,3
8,chapter-08/snippet-12.txt,,1
8,chapter-08/snippet-13.chpl,,1
8,chapter-08/snippet-13.txt,,2
8,chapter-08/snippet-14.txt,,2
8,chapter-08/snippet-15.txt,,3
8,chapter-08/snippet-16.txt,,1
8,chapter-08/snippet-17.txt,,1
8,chapter-08/snippet-18.txt,,1
9,chapter-09/snippet-01.chpl,,2
9,chapter-09/snippet-02.chpl,,15
9,chapter-09/snippet-03.chpl,,6
9,chapter-09/snippet-01.txt,,2
9,chapter-09/snippet-02.txt,,1
9,chapter-09/snippet-03.txt,,1
9,chapter-09/snippet-04.txt,,1
9,chapter-09/snippet-05.txt,,1
9,chapter-09/snippet-06.txt,,2
9,chapter-09/snippet-07.txt,,3
9,chapter-09/snippet-08.txt,,1
9,chapter-09/snippet-04.chpl,,1
9,chapter-09/snippet-09.txt,,1
9,chapter-09/snippet-10.txt,,1
9,chapter-09/snippet-11.txt,,2
9,chapter-09/snippet-12.txt,,1
9,chapter-09/snippet-13.txt,,1
9,chapter-09/snippet-14.txt,,2
9,chapter-09/snippet-15.txt,,2
9,chapter-09/snippet-05.chpl,,2
9,chapter-09/snippet-16.txt,,2
9,chapter-09/snippet-17.txt,,3
9,chapter-09/snippet-18.txt,,3
9,chapter-09/snippet-19.txt,,2
9,chapter-09/snippet-06.chpl,,12
9,chapter-09/snippet-07.chpl,,5
9,chapter-09/snippet-08.chpl,,26
9,chapter-09/snippet-09.chpl,,1
9,chapter-09/snippet-20.txt,,1
9,chapter-09/snippet-21.txt,,1
9,chapter-09/snippet-22.txt,,3
9,chapter-09/snippet-23.txt,,2
9,chapter-09/snippet-24.txt,,1
9,chapter-09/snippet-25.txt,,1
9,chapter-09/snippet-26.txt,,1
9,chapter-09/snippet-27.txt,,3
9,chapter-09/snippet-28.txt,,1
9,chapter-09/snippet-29.txt,,1
10,chapter-10/snippet-01.txt,,2
10,chapter-10/snippet-02.txt,,1
10,chapter-10/snippet-03.txt,,11
10,chapter-10/snippet-04.txt,,1
10,chapter-10/snippet-01.chpl,,6
10,chapter-10/snippet-05.txt,,1
10,chapter-10/snippet-06.txt,,4
10,chapter-10/snippet-07.txt,,1
10,chapter-10/snippet-08.txt,,1
10,chapter-10/snippet-09.txt,,1
10,chapter-10/snippet-10.txt,,4
10,chapter-10/snippet-11.txt,,1
10,chapter-10/snippet-12.txt,,2
10,chapter-10/snippet-13.txt,,2
10,chapter-10/snippet-14.txt,,3
10,chapter-10/snippet-15.txt,,1
10,chapter-10/snippet-16.txt,,1
10,chapter-10/snippet-17.txt,,5
10,chapter-10/snippet-18.txt,,6
10,chapter-10/snippet-19.txt,,1
10,chapter-10/snippet-20.txt,,3
10,chapter-10/snippet-21.txt,,1
10,chapter-10/snippet-22.txt,,2
10,chapter-10/snippet-02.chpl,,2
10,chapter-10/snippet-23.txt,,3
10,chapter-10/snippet-24.txt,,2
11,chapter-11/snippet-01.txt,,2
11,chapter-11/snippet-01.chpl,,23
11,chapter-11/snippet-02.txt,,1
11,chapter-11/snippet-03.txt,,1
11,chapter-11/snippet-02.chpl,,6
11,chapter-11/snippet-04.txt,,2
11,chapter-11/snippet-03.chpl,,20
11,chapter-11/snippet-05.txt,,1
11,chapter-11/snippet-06.txt,,2
11,chapter-11/snippet-04.chpl,,7
11,chapter-11/snippet-05.chpl,,4
11,chapter-11/snippet-06.chpl,,10
11,chapter-11/snippet-07.chpl,,10
11,chapter-11/snippet-07.txt,,1
11,chapter-11/snippet-08.chpl,,7
11,chapter-11/snippet-09.chpl,,59
11,chapter-11/snippet-08.txt,,1
11,chapter-11/snippet-09.txt,,1
11,chapter-11/snippet-10.txt,,1
11,chapter-11/snippet-11.txt,,3
11,chapter-11/snippet-12.txt,,2
11,chapter-11/snippet-13.txt,,3
11,chapter-11/snippet-14.txt,,3
11,chapter-11/snippet-15.txt,,2
11,chapter-11/snippet-16.txt,,1
11,chapter-11/snippet-10.chpl,,1
12,chapter-12/snippet-01.txt,,4
12,chapter-12/snippet-02.txt,,4
12,chapter-12/BENCH.md,BENCH.md,1
12,chapter-12/Mason.toml,Mason.toml,18
12,chapter-12/MIGRATING.md,MIGRATING.md,3
12,chapter-12/snippet-01.toml,,9
12,chapter-12/snippet-03.txt,,2
12,chapter-12/snippet-04.txt,,2
12,chapter-12/snippet-01.chpl,,9
12,chapter-12/snippet-05.txt,,1
12,chapter-12/snippet-06.txt,,1
12,chapter-12/snippet-07.txt,,4
12,chapter-12/snippet-08.txt,,1
12,chapter-12/snippet-09.txt,,2
12,chapter-12/snippet-10.txt,,1
12,chapter-12/snippet-11.txt,,1
12,chapter-12/snippet-12.txt,,1
12,chapter-12/snippet-13.txt,,1
12,chapter-12/snippet-14.txt,,1
12,chapter-12/snippet-15.txt,,1
12,chapter-12/snippet-16.txt,,1
12,chapter-12/snippet-01.sh,,2
12,chapter-12/snippet-17.txt,,1
12,chapter-12/snippet-18.txt,,4
12,chapter-12/snippet-02.chpl,,6
12,chapter-12/snippet-19.txt,,1
12,chapter-12/snippet-20.txt,,1
12,chapter-12/snippet-21.txt,,1
12,chapter-12/snippet-22.txt,,2
12,chapter-12/snippet-23.txt,,1
12,chapter-12/snippet-24.txt,,1
12,chapter-12/snippet-25.txt,,1
12,chapter-12/snippet-26.txt,,1
12,chapter-12/snippet-27.txt,,2
12,chapter-12/snippet-28.txt,,3
12,chapter-12/snippet-29.txt,,2
12,chapter-12/snippet-30.txt,,1
13,chapter-13/snippet-01.txt,,1
13,chapter-13/snippet-01.chpl,,1
13,chapter-13/snippet-02.txt,,2
13,chapter-13/test_hist.chpl,test/unit/test_hist.chpl,9
13,chapter-13/snippet-02.chpl,,6
13,chapter-13/run.sh,test/golden/run.sh,1
13,chapter-13/snippet-03.txt,,1
13,chapter-13/BENCH.md,BENCH.md,1
13,chapter-13/snippet-04.txt,,3
13,chapter-13/snippet-05.txt,,1
13,chapter-13/snippet-06.txt,,1
13,chapter-13/snippet-07.txt,,2
13,chapter-13/snippet-08.txt,,2
13,chapter-13/snippet-09.txt,,3
13,chapter-13/snippet-03.chpl,,1
13,chapter-13/snippet-04.chpl,,1
13,chapter-13/snippet-10.txt,,1
13,chapter-13/snippet-05.chpl,,1
13,chapter-13/snippet-11.txt,,1
13,chapter-13/snippet-12.txt,,2
13,chapter-13/snippet-06.chpl,,1
13,chapter-13/snippet-13.txt,,2
13,chapter-13/snippet-14.txt,,1
13,chapter-13/snippet-15.txt,,2
13,chapter-13/snippet-16.txt,,2
13,chapter-13/snippet-17.txt,,1
13,chapter-13/snippet-18.txt,,1
13,chapter-13/Mason.toml,Mason.toml,9
13,chapter-13/MIGRATING.md,MIGRATING.md,3
13,chapter-13/github-actions.yml,github-actions.yml,1
13,chapter-13/style_check.sh,style_check.sh,1
13,chapter-13/build_release.sh,tools/scripts/build_release.sh,3
13,chapter-13/run_unit.sh,tools/scripts/run_unit.sh,5
13,chapter-13/run_golden.sh,tools/scripts/run_golden.sh,2
13,chapter-13/run_perf_smoke.sh,tools/scripts/run_perf_smoke.sh,2
13,chapter-13/sample.csv,test/perf/sample.csv,5
13,chapter-13/snippet-19.txt,,2
13,chapter-13/perf.json,tmp/perf.json,1
13,chapter-13/perf_baseline.json,tools/ci/perf_baseline.json,3
13,chapter-13/snippet-20.txt,,2
13,chapter-13/perf_result.json,tools/ci/perf_result.json,4
13,chapter-13/style_check_2.sh,tools/scripts/style_check.sh,2
13,chapter-13/forbidden_patterns.txt,tools/ci/forbidden_patterns.txt,1
13,chapter-13/snippet-01.sh,,2
13,chapter-13/snippet-07.chpl,,9
13,chapter-13/snippet-21.txt,,3
13,chapter-13/github-actions_2.yml,tools/ci/github-actions.yml,18
13,chapter-13/Mason_2.toml,Mason.toml,3
13,chapter-13/run_unit_2.sh,tools/scripts/run_unit.sh,1
13,chapter-13/run_golden_2.sh,tools/scripts/run_golden.sh,1
13,chapter-13/style_check_2_3.sh,tools/scripts/style_check.sh,3
13,chapter-13/doc_coverage.py,tools/scripts/doc_coverage.py,1
13,chapter-13/build_release_2.sh,tools/scripts/build_release.sh,2
13,chapter-13/run_perf_smoke_2.sh,tools/scripts/run_perf_smoke.sh,7
13,chapter-13/perf_result_2.json,tools/ci/perf_result.json,8
13,chapter-13/Dockerfile,Dockerfile,2
13,chapter-13/snippet-22.txt,,1
13,chapter-13/BENCH_2.md,BENCH.md,1
13,chapter-13/snippet-08.chpl,,1
13,chapter-13/snippet-23.txt,,2
13,chapter-13/snippet-24.txt,,3
13,chapter-13/snippet-25.txt,,2
13,chapter-13/snippet-26.txt,,1
13,chapter-13/snippet-27.txt,,1
13,chapter-13/snippet-28.txt,,2
13,chapter-13/snippet-29.txt,,3
13,chapter-13/snippet-30.txt,,1
14,chapter-14/snippet-01.txt,,2
14,chapter-14/snippet-01.chpl,,1
14,chapter-14/snippet-02.txt,,1
14,chapter-14/snippet-03.txt,,2
14,chapter-14/snippet-02.chpl,,2
14,chapter-14/snippet-04.txt,,1
14,chapter-14/snippet-05.txt,,1
14,chapter-14/snippet-06.txt,,2
14,chapter-14/snippet-03.chpl,,2
14,chapter-14/snippet-07.txt,,1
14,chapter-14/mre.chpl,mre.chpl,1
14,chapter-14/snippet-04.chpl,,6
14,chapter-14/snippet-08.txt,,1
14,chapter-14/snippet-09.txt,,1
14,chapter-14/snippet-10.txt,,1
14,chapter-14/snippet-05.chpl,,7
14,chapter-14/snippet-11.txt,,1
14,chapter-14/snippet-06.chpl,,2
14,chapter-14/snippet-12.txt,,1
14,chapter-14/snippet-13.txt,,2
14,chapter-14/snippet-14.txt,,1
14,chapter-14/snippet-15.txt,,5
14,chapter-14/snippet-07.chpl,,2
14,chapter-14/snippet-08.chpl,,1
14,chapter-14/snippet-09.chpl,,1
14,chapter-14/snippet-16.txt,,1
14,chapter-14/snippet-10.chpl,,11
14,chapter-14/snippet-17.txt,,1
14,chapter-14/snippet-18.txt,,1
14,chapter-14/snippet-19.txt,,1
14,chapter-14/test_cms.chpl,test/unit/test_cms.chpl,1
14,chapter-14/snippet-11.chpl,,7
14,chapter-14/snippet-20.txt,,2
14,chapter-14/snippet-21.txt,,1
14,chapter-14/snippet-22.txt,,1
14,chapter-14/snippet-23.txt,,3
14,chapter-14/snippet-24.txt,,1
15,chapter-15/snippet-01.txt,,1
15,chapter-15/snippet-01.chpl,,1
15,chapter-15/snippet-02.chpl,,2
15,chapter-15/snippet-02.txt,,2
15,chapter-15/snippet-03.txt,,1
15,chapter-15/snippet-04.txt,,2
15,chapter-15/snippet-05.txt,,1
15,chapter-15/snippet-06.txt,,1
15,chapter-15/snippet-07.txt,,2
15,chapter-15/snippet-08.txt,,1
15,chapter-15/BENCH.md,BENCH.md,1
15,chapter-15/snippet-09.txt,,1
15,chapter-15/snippet-10.txt,,1
15,chapter-15/snippet-11.txt,,1
15,chapter-15/snippet-12.txt,,1
15,chapter-15/snippet-13.txt,,2
15,chapter-15/snippet-14.txt,,2
15,chapter-15/snippet-15.txt,,1
15,chapter-15/snippet-16.txt,,1
15,chapter-15/snippet-17.txt,,2
15,chapter-15/snippet-03.chpl,,2
15,chapter-15/snippet-18.txt,,1
15,chapter-15/snippet-19.txt,,1
15,chapter-15/snippet-20.txt,,1
15,chapter-15/snippet-04.chpl,,1
15,chapter-15/snippet-21.txt,,1
15,chapter-15/snippet-22.txt,,2
15,chapter-15/snippet-23.txt,,3
15,chapter-15/snippet-24.txt,,1
15,chapter-15/snippet-25.txt,,2
15,chapter-15/snippet-26.txt,,1
